{"cameraMode":{"drawMode":0,"name":"Shaded","section":"Shading Mode"},"sceneLighting":true,"audioPlay":false,"sceneViewState":{"m_AlwaysRefresh":false,"showFog":true,"showSkybox":true,"showFlares":true,"showImageEffects":true,"showParticleSystems":true,"showVisualEffectGraphs":true,"m_FxEnabled":true},"in2DMode":false,"pivot":{"x":3.8023951053619386,"y":-77.80936431884766,"z":74.73551177978516},"rotation":{"x":-0.35531991720199587,"y":-0.01626548543572426,"z":0.006185824517160654,"w":-0.9345963001251221},"size":64.61691284179688,"orthographic":false}